Time (s),Limonene-FB = 20 µm (ref),Toluene-FB = 20 µm (v1),Limonene-FB = 10 µm (v2),Toluene-FB = 10 µm (v3)
0.0,0.0,0.0,0.0,0.0
211447.23618090453,0.0,0.0,0.0,0.0
422894.47236180905,0.0,0.0,0.0,0.0
634341.7085427135,0.0,0.0,0.0,0.0
845788.9447236181,0.0,0.0,0.0,0.0
1057236.1809045225,0.0,0.0,0.0,0.0
1268683.417085427,0.0,0.0,0.0,0.0
1480130.6532663316,0.0,0.0,0.0,0.0
1691577.8894472362,0.0,0.0,0.0,0.0
1903025.1256281408,0.0,0.0,0.0,0.0
2114472.361809045,0.0,0.0,0.0,0.0
2325919.59798995,0.0,0.0,0.0,0.0
2537366.834170854,0.0,0.0,0.0,0.0
2748814.070351759,0.0,0.0,0.0,0.0
2960261.3065326633,0.0,0.0,0.0,0.0
3171708.542713568,0.0,0.0,0.0,0.0
3383155.7788944724,0.0,0.0,0.0,0.0
3594603.0150753767,0.0,0.0,0.0,0.0
3806050.2512562815,0.0,0.0,0.0,0.0
4017497.487437186,0.0,0.0,0.0,0.0
4228944.72361809,0.0,0.0,0.0,0.0
4440391.959798995,0.0,0.0,0.0,0.0
4651839.1959799,0.0,0.0,0.0,0.0
4863286.432160804,0.0,0.0,0.0,0.0
5074733.668341708,0.0,0.0,0.0,0.0
5286180.904522613,0.0,0.0,0.0,0.0
5497628.140703518,0.0,0.0,0.0,0.0
5709075.376884422,0.0,0.0,0.0,0.0
5920522.613065327,0.0,0.0,0.0,0.0
6131969.849246231,0.0,0.0,0.0,0.0
6343417.085427136,0.0,0.0,0.0,0.0
6554864.3216080405,0.0,0.0,0.0,0.0
6766311.557788945,0.0,0.0,0.0,0.0
6977758.793969849,0.0,0.0,0.0,0.0
7189206.030150753,0.0,0.0,0.0,0.0
7400653.266331659,0.0,0.0,0.0,0.0
7612100.502512563,0.0,0.0,0.0,0.0
7823547.738693467,0.0,0.0,0.0,0.0
8034994.974874372,0.0,0.0,0.0,0.0
8246442.211055277,0.0,0.0,0.0,0.0
8457889.44723618,0.0,0.0,0.0,0.0
8669336.683417086,0.0,0.0,0.0,0.0
8880783.91959799,0.0,0.0,0.0,0.0
9092231.155778894,0.0,0.0,0.0,0.0
9303678.3919598,0.0,0.0,0.0,0.0
9515125.628140703,0.0,0.0,0.0,0.0
9726572.864321608,0.0,0.0,0.0,0.0
9938020.100502513,0.0,0.0,0.0,0.0
10149467.336683417,0.0,0.0,0.0,0.0
10360914.572864322,0.0,0.0,0.0,0.0
10572361.809045225,0.050710885708415684,0.052162940339489414,0.06331125159442769,0.05447934033592372
10783809.04522613,0.11706488369401633,0.11712097569911732,0.14227829980775433,0.12477863654798824
10995256.281407036,0.1580893481707772,0.15734009888565964,0.1910923318407942,0.17962993725697787
11206703.51758794,0.19087123763625982,0.1899916179333808,0.23033379224336195,0.23241048323330565
11418150.753768845,0.21912087617574982,0.21933515416526403,0.2650312049150881,0.28400907469785697
11629597.98994975,0.24439948601429673,0.24709160274453645,0.29732312049445586,0.33466968562027527
11841045.226130653,0.26753976823275155,0.27400892860976567,0.3282192038888794,0.3845199769940296
12052492.462311558,0.28905294463073017,0.3004256204136443,0.3582230923952492,0.433636773735723
12263939.698492462,0.3092822096626018,0.3265013121842961,0.3875985966057687,0.482068218637197
12475386.934673367,0.3284756457008349,0.3523149769924456,0.41649279889477153,0.5298460226564911
12686834.170854272,0.346820544393546,0.377908025111633,0.4449932934741184,0.5769924799718005
12898281.407035176,0.36446214953338624,0.40330298402024234,0.4731550432543535,0.6235235968728227
13109728.643216081,0.3815161562770416,0.42851289968142076,0.5010153471806007,0.669452093527488
13321175.879396984,0.3980754590706846,0.45354570445311587,0.5286004971832095,0.714788045018323
13532623.11557789,0.4142163752791707,0.4784067550705719,0.5559301183396492,0.7595413082422954
13744070.351758795,0.43000075746353544,0.5030994342792315,0.5830188120514186,0.803720206833129
13955517.587939698,0.445479521081847,0.5276262414872018,0.6098780196087094,0.8473324825159337
14166964.824120604,0.4606948972598882,0.5519892316557875,0.6365169629091434,0.8903859355755704
14378412.060301507,0.4756818191932483,0.5761900008557543,0.6629429194449676,0.932887948608062
14589859.296482412,0.4904692613097204,0.6002298998321438,0.6891617334924532,0.9748455717092886
14801306.532663317,0.5050814983798022,0.6241103383278436,0.7151784687419583,1.0162663088631474
15012753.76884422,0.5195383778503326,0.6478322526791527,0.7409969565829787,1.0571562166335458
15224201.005025126,0.5338567735972773,0.6713968015746077,0.7666206716353448,1.0975221817445975
15435648.24120603,0.5480509960190322,0.6948053500732445,0.7920529429376002,1.1373718858274091
15647095.477386935,0.5621326944015352,0.7180587477893152,0.8172961354496445,1.1767112217809197
15858542.71356784,0.5761119409531499,0.7411582510419514,0.8423528361212441,1.2155474759218312
16069989.949748743,0.5899969715358687,0.7641046569485214,0.8672248664696179,1.2538863041106438
16281437.185929649,0.6037948069408682,0.786898923642714,0.8919140936801571,1.2917338710096338
16492884.422110554,0.6175114398471051,0.8095421649596062,0.9164224530574537,1.3290967849134878
16704331.658291457,0.6311520104213425,0.8320356475461588,0.9407518544697527,1.365982077789618
16915778.89447236,0.6447206134219189,0.8543800461800808,0.9649035434193017,1.402394845110802
17127226.130653266,0.658220989641263,0.8765766426335982,0.9888792912091146,1.4383420658414579
17338673.36683417,0.6716559516189026,0.898625890404445,1.012679982846137,1.4738280550375362
17550120.603015076,0.6850283789623699,0.9205292744442738,1.0363075670406627,1.5088603036046475
17761567.83919598,0.6983404294526053,0.9422876290674059,1.0597632980765326,1.5434442104033874
17973015.075376883,0.7115940252172869,0.9639018794470213,1.0830484426740075,1.5775854198711112
18184462.31155779,0.7247908267165787,0.9853730431785233,1.1061643917682427,1.611289770265569
18395909.547738694,0.7379322908143081,1.0067022132105798,1.1291125946916731,1.644563302019818
18607356.7839196,0.7510193818121262,1.027889653922945,1.151893515116763,1.6774094891725935
18818804.020100504,0.7640534113921529,1.0489370165556928,1.1745092144975082,1.7098359379885053
19030251.256281406,0.7770352334050138,1.069845043810911,1.1969607136754827,1.7418474656607177
19241698.49246231,0.789965629379313,1.090614629568121,1.2192491811383046,1.7734492945903564
19453145.728643216,0.8028452117413035,1.1112464432163598,1.2413755006590619,1.8046459500923373
19664592.96482412,0.8156747880728951,1.131741928382624,1.2633415198708473,1.8354441643062622
19876040.201005027,0.8284548870934537,1.1521018075600322,1.2851481781318304,1.8658485028428404
20087487.43718593,0.8411858356316125,1.1723266612032675,1.3067962683125889,1.895863106184621
20298934.673366833,0.853868172906668,1.1924175057583961,1.328287104045466,1.9254933045053622
20510381.90954774,0.8665023657431947,1.2123754151876074,1.3496220448542782,1.9547445478400098
20721829.145728644,0.87908875992424,1.232201264482305,1.3708022243896367,1.9836216835661376
20933276.38190955,0.8916275551714725,1.2518954810617986,1.3918282465820238,2.012128232136239
21144723.61809045,0.9041191762736187,1.2714593248467867,1.412701686796858,2.040270026579621
21356170.854271356,0.9165639734661926,1.2908938027752457,1.4334238247927908,2.068052143420904
21567618.09045226,0.9289622775991533,1.3101999575497676,1.4539959758404708,2.095479679737633
21779065.326633167,0.9413139813032858,1.3293776568845317,1.4744180803980613,2.1225544796732985
21990512.56281407,0.9536196662602091,1.3484286778472885,1.4946923145405377,2.149283600811652
22201959.798994973,0.9658794711886843,1.367353632563766,1.5148194872525265,2.175670841055112
22413407.03517588,0.9780935315487825,1.3861531012153514,1.5348003664728267,2.2017198912728717
22624854.271356784,0.9902621402892122,1.404828180433632,1.5546363255970226,2.227435791778438
22836301.50753769,1.0023855767697578,1.4233798896808987,1.5743286501160654,2.25282332327627
23047748.743718594,1.0144637265763585,1.441808154834448,1.5938773419186711,2.2778843320678455
23259195.9798995,1.0264971752741396,1.4601148424864656,1.6132846649690145,2.3026257617692116
23470643.2160804,1.0384860232902386,1.478300604455957,1.6325514721460037,2.3270512923056876
23682090.452261306,1.050430163290468,1.4963653864158706,1.651677790154035,2.351162752391011
23893537.68844221,1.0623300118320695,1.5143105957291423,1.670665341103836,2.3749657290712385
24104984.924623117,1.0741857624293663,1.5321371166421744,1.6895152424813014,2.398464408099541
24316432.160804022,1.0859975675350018,1.5498456721379132,1.7082284219952446,2.4216625234469955
24527879.396984924,1.097765590948938,1.5674370017842947,1.7268058242377273,2.444563815872598
24739326.63316583,1.1094899947621117,1.584911862093702,1.7452484105572308,2.4671720287450203
24950773.869346734,1.121170938884126,1.6022710211114581,1.7635571581321239,2.489490908947753
25162221.10552764,1.132808598615563,1.619515261924701,1.78173305883328,2.5115242031615685
25373668.341708545,1.144403151407219,1.6366453819120803,1.7997771187557945,2.5332756547198123
25585115.577889446,1.155954781350611,1.6536621922180534,1.817690357650933,2.5547490008086684
25796562.81407035,1.1674636782268077,1.6705665138351156,1.8354738095453376,2.5759479720181515
26008010.050251257,1.178929761154685,1.6873584552891125,1.8531276832163792,2.5968745430308244
26219457.286432162,1.190353333915712,1.7040391350235493,1.8706533509719012,2.6175331097182357
26430904.522613067,1.201734706369934,1.7206096869213252,1.888052200023555,2.6379280473027107
26642351.75879397,1.2130740932194322,1.737070976061966,1.9053253081814254,2.6580630429790024
26853798.994974874,1.2243711473170709,1.7534224110332575,1.922472076706237,2.677938321687799
27065246.23115578,1.2356265012530703,1.7696659721255392,1.9394948637589735,2.697560157408214
27276693.467336684,1.2468403661041962,1.7858025038162866,1.9563947188809134,2.716932084774998
27488140.70351759,1.2580123303325728,1.8018312488200336,1.9731708519401145,2.736053908692123
27699587.93969849,1.269143304136665,1.817754846682078,1.9898263708360109,2.7549332714086168
27911035.175879396,1.280232729802359,1.8335721651066026,2.006360055516357,2.7735690848945778
28122482.4120603,1.291281410224533,1.8492855920171143,2.0227747203061743,2.7919682983521836
28333929.648241207,1.3022888660270897,1.8648942035674634,2.039069383828479,2.8101302926853413
28545376.884422112,1.313255976986258,1.8804005242290383,2.055247011553924,2.8280622194166534
28756824.120603014,1.3241819951974882,1.895802958602383,2.0713058548670373,2.8457619463616677
28968271.35678392,1.335067908042776,1.9111042956285982,2.087249177223595,2.8632371180949363
29179718.592964824,1.3459134310082486,1.9263041251752284,2.103076584536443,2.880488214138045
29391165.82914573,1.3567186844891448,1.9414030465539132,2.118788835619223,2.8975179479425424
29602613.065326635,1.367484166100955,1.9564025943663599,2.1343877543901058,2.9143310400689972
29814060.301507536,1.378209707668186,1.9713026404998801,2.1498732674325267,2.930928556342386
30025507.53768844,1.3888953712692849,1.9861036335384852,2.1652459590733066,2.9473128111285702
30236954.773869347,1.3995416268918837,2.000807023551734,2.1805075530481455,2.9634882320829017
30448402.010050252,1.410148587015338,2.0154133724162553,2.1956587592492998,2.9794573025692523
30659849.246231157,1.4207162249500755,2.0299229003856656,2.2106998989813627,2.995221771267737
30871296.48241206,1.4312445384152415,2.044335887780732,2.2256313619764936,3.0107835070572233
31082743.718592964,1.441733951532824,2.05865365718273,2.2404547206484677,3.0261465353409656
31294190.95477387,1.4521845885860512,2.0728767863810456,2.2551706999089216,3.041313284966358
31505638.190954775,1.462596575477457,2.0870058568224175,2.269780027905984,3.056286169660321
31717085.42713568,1.472970039778515,2.101041453306517,2.284283435973717,3.071067592918064
31928532.663316585,1.4833051121345906,2.114984163823957,2.2986816581498584,3.0856599415789314
32139979.899497487,1.4936019256682693,2.1288345793648653,2.312975431037119,3.1000655872020055
32351427.135678392,1.5038606141790087,2.142593293709377,2.327165493582544,3.1142868844500953
32562874.371859297,1.5140813144087715,2.156260903313433,2.3412525862089986,3.128326168737894
32774321.608040202,1.5242641665195553,2.1698380070712693,2.355237451549559,3.1421857639017747
32985768.844221108,1.5344093121682678,2.1833252061512964,2.3691208342971977,3.1558679746001377
33197216.08040201,1.544516895168972,2.1967231037391497,2.3829034803226112,3.169375088003069
33408663.316582914,1.554587058748118,2.210032304803581,2.396586136733147,3.182709372573984
33620110.55276382,1.5646199493608473,2.2232534163720605,2.410169551667306,3.195873072528985
33831557.78894472,1.574615717532376,2.236387046904748,2.4236544734065166,3.208868422813771
34043005.02512563,1.5845745142725032,2.2494338062648733,2.4370416514595714,3.221697635918997
34254452.26130653,1.5944964924051557,2.2623943055522826,2.4503318357810513,3.234362905036259
34465899.49748744,1.604381806521618,2.2752691569392183,2.463525776386125,3.2468664039161164
34677346.73366834,1.614230612920041,2.288058973304632,2.4766242233008167,3.259210286625718
34888793.969849244,1.6240427259739325,2.3007635763183547,2.4896270385671007,3.2713952103279675
35100241.20603015,1.6338184857025366,2.3133840032108375,2.5025354467562857,3.2834240959038765
35311688.442211054,1.6435581687610143,2.3259211384752154,2.5153504998499154,3.2952995433698775
35523135.67839196,1.653261937465118,2.338375598063124,2.528072947318803,3.307023628581453
35734582.914572865,1.6629298742154353,2.3507478118762752,2.540703329441477,3.31859806983889
35946030.15075377,1.6725616305694706,2.3630372260885,2.553241086316282,3.3300228067101716
36157477.386934675,1.6821579222113285,2.375245716726356,2.565688375289864,3.341302143038946
36368924.62311558,1.6917189184667831,2.387373899846043,2.578045942387427,3.352438068445392
36580371.859296486,1.7012443240153516,2.3994213429484006,2.5903133619681964,3.363430710742307
36791819.09547739,1.7107343880240626,2.4113888484213133,2.602491587816511,3.3742823852735846
37003266.33165829,1.7201896215213965,2.4232778013695784,2.614582221340359,3.3849963910194916
37214713.5678392,1.729609681731025,2.4350876602163813,2.6265847150588706,3.3955726383597544
37426160.8040201,1.7389947989822174,2.4468191753698307,2.63849996167907,3.406013290733977
37637608.04020101,1.7483455634676366,2.4584738911801085,2.650329734971483,3.4163218306682914
37849055.27638191,1.7576612371234022,2.470050387315423,2.662072511186866,3.4264966609247156
38060502.51256281,1.7669427247471894,2.481550906045759,2.673730838533486,3.436542427646621
38271949.74874372,1.7761898689543483,2.4929753182537833,2.685304627267014,3.4464597071751464
38483396.98492462,1.7854026226868718,2.504323743979066,2.6967940653781612,3.4562495064464613
38694844.22110553,1.7945816447362344,2.5155978548550237,2.708201061130201,3.465915400147869
38906291.45728643,1.8037262163424805,2.5267962903548207,2.7195241594139823,3.4754559017866207
39117738.693467334,1.8128375306162088,2.5379218856056482,2.730766554041102,3.484876458789513
39329185.92964824,1.8219144784331673,2.5489724305374577,2.7419258508817728,3.4941742042968422
39540633.165829144,1.8309585077500665,2.559951297320692,2.7530058344348856,3.503355385250504
39752080.40201005,1.8399683992799247,2.5708560482350977,2.7640038600037142,3.5124167875238377
39963527.638190955,1.8489455737009932,2.581689975427121,2.774923618450943,3.5213644449804047
40174974.87437186,1.8578889830706917,2.5924510235520586,2.7857628900976903,3.5301957803823223
40386422.110552765,1.866799739229582,2.603141799596714,2.79652460404764,3.538915650618744
40597869.34673367,1.8756772457310222,2.6137612296120274,2.8072076246397937,3.5475230571893346
40809316.582914576,1.8845220258724096,2.6243106410063617,2.8178134661647394,3.5560207810680375
41020763.81909548,1.8933342162828048,2.634790529320163,2.8283427237448877,3.5644102723905373
41232211.05527638,1.9021134701028173,2.645200360901691,2.8387948592280687,3.57269138162253
41443658.29145729,1.9108606775352925,2.655542228318633,2.8491722241461237,3.580867999201913
41655105.52763819,1.919575119011502,2.6658148088725206,2.8594734122488195,3.588938751420081
41866552.7638191,1.9282574545214308,2.6760196981161783,2.8697002258108713,3.5969067233870624
42078000.0,1.9369080305052921,2.686157819899122,2.8798537263152357,3.6047739389264444
